ID,AGE,SEX,QLQPF,QLQRF,QLQEF,QLQCF,QLQSF,QLQGH,QLQFA,QLQNV,QLQPA,QLQDY,QLQSL,QLQAP,QLQCO,QLQDI,QLQFI
1,65,1,100,100,100,100,100,100,0,0,0,0,0,0,0,0,0
2,54,2,0,0,0,0,0,0,0,100,100,100,100,100,100,100,100
3,78,2,50,50,50,50,50,50,0,0,0,0,0,0,0,0,0
4,62,1,0,0,0,0,0,0,0,100,33.33333333,33.33333333,33.33333333,100,100,0,33.33333333
5,59,2,33.33333333,33.33333333,33.33333333,33.33333333,33.33333333,33.33333333,33.33333333,33.33333333,33.33333333,33.33333333,33.33333333,33.33333333,33.33333333,33.33333333,33.33333333
6,66,1,83.33333333,83.33333333,83.33333333,83.33333333,83.33333333,83.33333333,83.33333333,0,0,0,0,0,0,0,0
7,75,1,100,100,91.66666667,83.33333333,100,66.66666667,0,0,0,0,0,0,0,0,0
